statement,fact_confidence
Building a wall on the U.S.-Mexico border will take literally years.,1.0
Wisconsin is on pace to double the number of layoffs this year.,0.0
Says John McCain has done nothing to help the vets.,0.0
Suzanne Bonamici supports a plan that will cut choice for Medicare Advantage seniors.,0.3
"When asked by a reporter whether hes at the center of a criminal scheme to violate campaign laws, Gov. Scott Walker nodded yes.",0.7
Over the past five years the federal government has paid out $601 million in retirement and disability benefits to deceased former federal employees.,1.0
Says that Tennessee law requires that schools receive half of proceeds -- $31 million per year -- from a half-cent increase in the Shelby County sales tax.,1.0
"Says Vice President Joe Biden ""admits that the American people are being scammed"" with the economic stimulus package.",0.2
Donald Trump is against marriage equality. He wants to go back.,0.9
We know that more than half of Hillary Clintons meetings while she was secretary of state were given to major contributors to the Clinton Foundation.,0.7
We know there are more Democrats in Georgia than Republicans. We know that for a fact.,0.3
PolitiFact Texas says Congressman Edwards attacks on Bill Flores are false.,0.8
Denali is the Kenyan word for black power.,0.0
"Says 57 percent of federal spending goes to the military and just 1 percent goes to food and agriculture, including food stamps.",0.0
On residency requirements for public workers,1.0
Says the unemployment rate for college graduates is 4.4 percent and over 10 percent for noncollege-educated.,1.0
Unfortunately we have documented instances where people defecated in the (Statehouse) building.,1.0
A recent Gallup poll found that 72 percent of Americans and 56 percent of Democrats say the biggest threat to our nations security is big government.,0.3
"Each year, 18,000 people die in America because they don't have health care.",1.0
Ronald Reagan faced an even worse recession than the current one.,0.9
There have not been any public safety issues in cities that allow transgender people to use the bathroom of the gender they identify as.,0.9
Says Mitt Romney was one of the first national Republican leaders to endorse Marco Rubio.,0.8
The number of illegal immigrants could be 3 million. It could be 30 million.,0.2
Marijuana is less toxic than alcohol.,1.0
Says Charlie Crist is embroiled in a fraud case for steering taxpayer money to a de facto Ponzi scheme.,0.0
"Now, there was a time when someone like Scalia and Ginsburg got 95-plus votes.",1.0
I was gone when there was a red line against Syria.,0.7
"Tim Kaine hiked tuition as governor, but now claims to champion affordability.",0.7
"Contends that President Obama literally said (if) his cap-and-trade proposals were to pass, that utility rates, his words now, would, necessarily skyrocket.",1.0
Active duty males in the military are twice as likely to develop prostate cancer than their civilian counterparts.,0.9
Its been since 1888 that a Senate of a different party than the president in the White House confirmed a Supreme Court nominee.,0.0
"Under Rosemary Lehmberg, the Travis County D.A.s office convened the grand jury that indicted Rick Perry.",1.0
On which team hes rooting for in the World Series.,0.1
Tom Ganley has two Fs from the Better Business Bureau and over 160 complaints in just three years.,0.1
The United States has a low voter turnout rate.,1.0
"Says Thomas Jefferson said, You might be able to fool the people for awhile, and they may go astray, but sooner or later the American people are going to wake up and they will correct the course.",0.2
"Because of the federal health care law, 300,000 health plans canceled in Florida.",1.0
"In Massachusetts, Scott Brown pushed for a law to force women considering abortion -- force them -- to look at color photographs of developing fetuses.",0.3
"The Fed created $1.2 trillion out of nothing, gave it to banks, and some of them foreign banks, so that they could stabilize their operations.",1.0
Texas families have kept more than $10 billion in their family budgets since we successfully fought to restore Texas sales tax deduction a decade ago.,0.9
Pre-existing conditions are covered under my (health care) plan.,0.7
"Greg Abbott activated the state guard to monitor Jade Helm 15 in case the troops try to impose martial law, disarm innocent Texans, and detain them in tunnels beneath closed Walmart stores.",0.8
Says he won the second debate with Hillary Clinton in a landslide in every poll.,0.2
Says bag litter increased after San Francisco banned single-use shopping bags.,0.5
"In 1993, Newt Gingrich first advocated for the individual mandate in health care. And as recently as May of this year, he was still advocating for it.",0.9
"Says as a result of the national health care reform, the Congressional Budget Office says we save $250 million over the first 10 years. Over the next 10 years, we save $1.2 trillion in savings in terms of health care.",0.6
"You said you would vote against the Patriot Act, then you came to the Senate, you voted for it.",0.7
The federal minimum wage is worth about 20 percent less than it was when Ronald Reagan gave his first address to a joint session of Congress.,1.0
"A proposed tax to fund transportation projects would spend $90,000 to take a single vehicle off the road during the morning and afternoon commute.",1.0
A salesclerk at Hobby Lobby who needs contraception is not going to get that service through her employers health care plan because her employer doesnt think she should be using contraception.,0.8
Says Charlie Crist voted against raising the minimum wage.,0.8
Hillary Clinton said gun confiscation would be worth considering.,0.8
"Already, a prototype driverless car has traveled more than 300,000 miles in the crowded maze of California streets without a single accident.",0.95
"Last year, out of the 500,000 (in) population growth we had in the state of Texas, about 250,000 of the 500,000 came to Texas... from the other 49 states.",1.0
When undocumented children are picked up at the border and told to appear later in court ... 90 percent do not then show up.,0.2
Says Gov. Chris Christie cut spending (by) $1 billion and provided $850 million in new education funding.,0.75
Hes the only candidate whos balanced budgets and brought jobs to Providence.,0.7
"Studies have shown that in the absence of federal reproductive health funds, we are going to see the level of abortion in Georgia increase by about 44 percent.",0.9
ACORN will be a paid partner with the Census Bureau and they will be in charge of going door-to-door and collecting data from the American public.,0.1
Sixty percent of the Hispanics support the Arizona immigration law,0.0
"If the sequester hits, federal prosecutors will have to let criminals go.",0.4
Says Bill and Hillary Clinton attended Donald Trumps last wedding.,1.0
I did not play any role in bringing the company to RI as did others in government. I was tasked with handling the legislation affecting the company by my superiors.,0.9
"Obamacare insurance cooperative failures should be expected because theyre like any business, and when you start businesses in America, at the fifth year, half of the businesses have closed.",0.2
The tax cut deal is giving $700 billion to millionaires and billionaires.,0.1
Says Marco Rubio said Social Security and Medicare haveweakened us as a people.,1.0
"Across the country, $174 billion of the Recovery Act have been committed in its first 130 days.",1.0
"As secretary of the Department of Energy under former President Bill Clinton, ""I created reserves of home heating oil.""",1.0
Twenty-five states have lower unemployment than Texas which is tied with Mississippi for more minimum-wage jobs than anywhere in the United States.,1.0
"Of the 20 bills [Rep. David] Cicilline has sponsored in his three years in office, not a single one has advanced past the embryonic committee stage.",0.5
"Says Donald Trump has said he loves war, including with nukes.",0.1
"Any state tax law has to start in the House and the renewal of the state hospital bed tax this year started in the Senate, which is unconstitutional.",0.4
"Every child born today inherits a $30,000 share in a national debt that stands at more than $13 trillion.",1.0
A strong bipartisan majority in the House of Representatives voted to defund Obamacare.,0.2
Proximity to high-voltage power lines lowers property values by as much as 30 percent.,1.0
What the facts say is ...the best scenario for kids is a loving mom and dad.,0.3
Says Mark Neumann = Nancy Pelosi,0.0
"To hear Gov. Christie tell it, everything in New Jersey is going just fine. Well I see another New Jersey with 400,000 unemployed. One of the worst jobless rates in the country. Working and middle class families have seen costs soar, from property taxes to college tuition.",1.0
Says delegates cant legally change the Republican National Convention rules to prevent Donald Trumps nomination.,0.6
Rebuilding three high schools will benefit 40 percent of Portland Public School students.,0.3
Proposition 2 on Novembers Texas ballot does not cost state taxpayers any money.,0.8
Providence has the lowest crime rate in three decades.,1.0
On banning earmarks.,1.0
Says hes taken an 8% pay decrease in each of the nine years he has been in office.,0.4
1 percent of Americans are millionaires. 47 percent of House Reps. are millionaires. 56 percent of Senators are millionaires.,0.95
The decision for the United States to buy heavy water from Iran will directly subsidize Irans nuclear program.,0.3
The Texas Department of Transportation... misplaced a billion dollars.,0.9
A judges order means theres a Constitution exemption zone if you live within 100 miles of the United States border.,0.1
"Pepper ... kicked off a jock tax, imposing a levy on the sports and entertainment industry.",1.0
"Mitch McConnell opposed ""legislation to create and protect Kentucky jobs . . . help for the unemployed. . . health care for Kentucky's children,"" and ""fair pay for women.""",0.5
"Under Mayor Tom Barrett, the number of Milwaukee police officers has not increased.",1.0
Taxpayers subsidize 80 percent of each MARTA trip,0.3
"President Obama, Sen. Harry Reid and Rep. Nancy Pelosi passed a $1.2 trillion stimulus bill.",0.6
Says Milken Institute rated San Antonio as nations top-performing local economy.,1.0
Says people in Africa literally walk two and three hundred miles in order to vote.,0.3
"Before World War II, very few people actually had health insurance.",1.0
Half of children struck by cars near schools are hit by parents driving children to school.,1.0
"Citizens Property Insurance has over $500 billion worth of risk, with less than $10 billion worth of surplus.",0.8
Tom Leppert pledged to make Dallas a sanctuary city for illegal immigrants.,0.2
Putting three Republicans in my Cabinet...is unprecedented.,0.9
"When Atlanta Police Chief George Turner was interim head of the department, overall crime fell 14 percent and violent crime dropped 22.7 percent.",1.0
"From 1980 to 1990, the top 1 percent saw their income go up by roughly 80 percent while the median wage in the country over (the same) 10 years went up 3 percent.",0.9
"I am very proud, as governor of Florida, that we signed the first divestment act, as it relates to Iran, divesting any investments in companies that would invest in Iran.",1.0
"As a result of climate change, ice fishermen in Wisconsin are already noticing fewer days they can be out on our ice covered lakes.",1.0
Muslim nations did not call out the people who celebrated the 9/11 attacks.,0.0
"Says Donald Trump said of women, And you can tell them to go f--- themselves.",0.7
"The Taliban has been there for years and years, I mean, hundreds of thousands of years.",0.0
Iran President Hassan Rouhani has more Cabinet members with Ph.D.s from American universities than members of Barack Obamas Cabinet.,0.9
"(Barack Obama) says hes going to reduce the long-term debt and deficit by $4 trillion, doesnt say how hes going to do it.",0.9
Says President Obama and his National Labor Relations Board sued Boeing over its decision to open a plant in South Carolina.,0.7
"Says U.S. Sen. Ron Johnson led the fight to let polluters release unlimited amounts of carbon pollution and took nearly $225,000 from polluters.",0.8
Orrin Hatch co-sponsored a 1993 health care bill that had an individual mandate.,1.0
More (student-athletes) graduate than the students who arent student-athletes.,1.0
U.S. Rep. Lloyd Doggett is the most liberal man in the United States Congress.,0.3
"Its entirely possible that the Democratic nominee, [Hillary Clinton], earned more money giving a single speech on Wall Street than I made the six years that I was there back in the 1980s In fact, its quite likely.",0.8
Says Mitt Romney flip-flopped on an assault weapons ban.,1.0
"Says state Senate President Stephen Sweeney gave us the nations highest income tax rates, driving out jobs.",0.4
Delaware Democratic Senate candidate Chris Coons thought that a 911 call should be taxed.,0.5
"When Tim Kaine was governor, spending soared, blowing holes in the budget every year.",0.6
President Obama has the lowest public approval ratings of any president in modern times.,0.2
"Neville Chamberlain told the British people: Accept the Nazis. Yes, they will dominate the continent of Europe, but that is not our problem. Lets appease them. Why? Because it cant be done. We cannot possibly stand against them.",0.1
On an income cap for recipients of the popular HOPE scholarship,1.0
Wisconsin is dead last in the Midwest for job creation.,1.0
On running a civil and polite campaign.,0.2
"Says President Barack Obama has taken 92 days of vacation since he was sworn in, compared to 367 for President George W. Bush at the same point in his presidency.",0.8
"The federal government reviewed and verified his administrations numbers showing Wisconsin added 23,608 jobs in 2011.",1.0
Tom Suozzi raised taxes by hundreds of millions of dollars as Nassau County executive.,1.0
Mitt Romney drove to Canada with the family dog Seamus strapped to the roof of the car.,1.0
Many of the founding fathers were very actively involved in cockfighting.,0.2
Says state Sen. Sheila Harsdorf wants to eliminate Medicare as we know it.,0.4
The majority of people travelling to these destination resorts are not going for the primary purpose of gambling.,1.0
Says Bill Nelson voted 98 percent of the time with Barack Obama.,0.9
I did not I did not I do not say that. I do not say that climate change is a hoax perpetrated by the Chinese.,0.8
"In Florida we have 75,000 on (a) waiting list for child care and 23,000 on waiting lists for community care for the elderly.",0.8
"Says NFL Commissioner Roger Goodell interviewed domestic abuse victim Janay Rice with Ray Rice present and for every domestic violence agency, every law enforcement agency, thats a no-no.",0.9
I can tell you that the enhanced interrogation techniques that have since been banned by this administration specifically waterboarding work.,0.3
Virginia has made no progress on jobs since Bob McDonnell took office.,0.0
The Iraq Study Group reported that (Saddam Hussein) had designs on reviving his nuclear program.,0.0
"The sex-offender registry has been around for a long time, and the research thats out there says that it has no positive impact on the public safety.",0.5
Ronald Reagan raised the national debt 18 times.,1.0
On whether global warming is man-made.,0.8
The number of inmates since 2000 on death row dying of natural causes has now surpassed the number of inmates executed.,1.0
"Quite frankly, it was during the Bush years of spending, multiplied now by the Obama years that we have this mess.",0.9
Republicans have proposed dozens of (health care) solutions designed to help control costs and improve quality.,0.9
"When the union says I want to eliminate tenure, thats not true.",1.0
Says Hillary Clinton has donated every cent shes ever earned from speaking fees to charity.,0.4
Charlottes anti-discrimination ordinance would have opened all bathrooms to all sexes at all times if it hadnt been overturned.,0.8
Eighty percent of the American people support an approach (to federal budget problems) that includes revenues and includes cuts.,0.2
Social Security has nothing to do with the federal deficit.,0.2
About 1 percent of all the gun sellers are responsible for more than half of the guns that are used in crimes.,0.95
On pay for fired Milwaukee police officers,0.7
Texas is the state that has now gone the longest without electing a Democrat statewide.,1.0
Says CNN reported Ben Carson was taking a break from campaigning and the Cruz campaign forwarded that news to our volunteers.,0.1
"Today, if you were raised poor, youre just as likely to stay poor as you were 50 years ago.",0.2
"Says President Barack Obama told a room of students, Children, every time I clap my hands together, a child in America dies from gun violence, and then a child told him he could solve the problem by not clapping any more.",0.2
The United States has the longest surviving constitution.,1.0
"Says, In Oregon in 2010, 49 percent of all pregnancies were unintended.",0.9
Austin school district teachers are the lowest paid of any urban Texas district and the lowest paid of any surrounding school district.,0.8
Says Clackamas County has more urban renewal debt than all the other Oregon counties combined.,0.5
NASA scientists fudged the numbers to make 1998 the hottest year to overstate the extent of global warming.,0.0
The University of Wisconsin System is larger than any business in the state of Wisconsin.,1.0
There is no record of congresswoman Betty Sutton ... ever holding a single in-person town hall meeting open to the general public.,0.9
"Mark Herring voted to allow sex offenders, including rapists, to serve shorter sentences.",0.8
Iraq has the second-largest oilfields in the world (behind) Saudi Arabia.,1.0
Says states mandated tests come from an English company.,0.9
Says he got twice as much money from the sale of County Grounds land than Milwaukee County Executive Scott Walker was willing to accept.,0.9
"We spend in tax loopholes annually $1.1 trillion. Thats more than we spend on our defense budget in a year, on Medicare or Medicaid in a year.",1.0
On the Bush tax cuts.,1.0
Over half of the black workers in this country earn less than $15 an hour.,0.8
"Insured Floridians pay about $2,000 for every hospital stay to cover the cost of the uninsured.",1.0
Sixteen million jobs were created under Ronald Reagans presidency.,1.0
This would be the largest casino in the United States.,0.9
"Barack Obama's health care plan ""will cost taxpayers $1,700 more to cover each new person.""",0.7
Barack Obama ... 96 percent of his votes have been solely along party line.,0.9
President Obama and Nancy Pelosi said Obamacare would save money because they factored in 10 years worth of tax revenue and only six and half years worth of expenses.,0.8
"John McCain ""has not led on nonproliferation issues when he had the chance in the Senate.""",1.0
Says American polling shows Russian President Vladimir Putin has an 80 percent approval rating.,0.8
Pasco County schools have graduation rates substantially higher than the state average and dropout rates below the state average.,0.7
Eighty-five percent of the states in the United States that had electrocution have now abolished it.,1.0
"Says that each year, about 25,000 American women become pregnant through rape or incest.",0.7
"Bill Nelson leased land that he owned for six cows, taking advantage of an agricultural tax loophole to dodge $43,000 in taxes just last year.",0.7
"In rural Virginia, Sen. Warner ran 8-10 points ahead of a traditional Democrat -- ahead of Senator Kaine, ahead of Governor McAuliffe.",0.3
I can tell you with certainty (capandtrade)would have a devastating impact on our economy.,0.2
Today many Florida teachers are at risk of having their pay impacted by the performance of children who are not even in their classrooms or subject areas.,0.2
Mitt Romney left Massachusetts $1 billion in debt.,0.1
Says Barack Obama promised he would cut the deficit in half but didnt.,1.0
Old City in Philadelphiaused to have more than a dozen clubs and thats what we were known for and now were down to two.,1.0
Says Denmarks suicide rate has been about twice as high as the United States over the past five decades.,0.8
"China has total control, just about, of North Korea.",0.3
The fact is the Clinton Foundation has got about 80 percent in overhead and 20 percent of the money is actually getting into the places it should.,0.0
The U.S. Constitution owes its notion of democracy to the Iroquois Tribes.,0.5
"Since the first of the year, 153 businesses at last count had moved out of California to Texas.",1.0
Barack Obama has provided guns to Mexican drug cartels.,0.5
"Says Chris Koster fell silentas attorney general in pursuing a case against a free classified service accused of promoting prostitution after accepting over $12,000 in campaign contributions from people affiliated with the service.",0.9
Health care premiums for consumers have doubled since 2001.,0.5
"Says, Less than half of all states have legal protections on the basis of sexual orientation or gender identity, despite the fact that LGBT Americans report employment discrimination and unemployment at much higher rates than the U.S. average.",1.0
"Gov. Romney himself, with 28 other Republican governors, supported policies that would have eliminated the time limits in the welfare reform law and allowed people to stay on welfare forever.",0.9
"Under Lt. Gov. Lee Fisher, Ohio is 44th in the country in terms of getting money actually into worker retraining.",0.7
"Im well aware that medical marijuana is a recognized, medical, viable treatment for this sort of [pancreas] pain condition.",0.9
Says Rick Perry recently said he wanted another (Texas) business tax.,0.0
"By a two-to-one margin, Rhode Islanders want to ban assault weapons and we have a very small percentage of gun owners in this state, less than 13 percent.",0.95
"Right now, an employer has more of a chance of getting hit by lightning than be prosecuted for hiring an undocumented worker. That has to change.",0.9
Wisconsin dropped from second in the country to 41st among states where more than half the students took the ACT exam.,0.1
"Says 315,000 mostly minority Texas students are enrolled in failing schools.",0.8
"Says At age 76 when you most need it, you are not eligible for cancer treatment under Affordable Care Act.",0.0
Says an Obama administration policy prohibits people who work with at-risk youth from promoting marriage as a way to avoid poverty.,0.3
...Secret documents reveal that Iran could obtain a nuclear weapon far sooner than we were told. And Tammy Duckworth voted yes (on the Iran nuclear deal).,0.7
"If you look at the results of Obamacare, what you see is emergency room visits are up over 50 percent.",0.3
Loranne Ausley voted six times to tax your savings.,0.7
Four state Assembly Democrats scored a death blow to northeast Wisconsins economy by killing hundreds of jobs at a potential Bass Pro Shops near Green Bay.,0.3
The president campaigned against this type of legislation.,0.0
One in every three women has an abortion during her lifetime.,0.8
"Barack Obama ""is more to the left of the announced Socialist in the United States Senate.""",0.7
What president has the worst record on female labor force participation? Barack Obama.,0.3
Two million more Latinos are in poverty today than when President Obamatook his oath of office less than eight years ago.,0.5
The Social Security trust fund is already facing imminent bankruptcy.,0.2
"Seven hundred thousand. Thats how many California jobs will be lost thanks to the politicians raising the minimum wage.Now Florida is adding one million jobs, not losing them.",0.1
America is No. 1 in wind power.,0.2
"The percentage of black children born without a father in the home has risen from 7 percent in 1964 to 73 percent today, due to changes from President Lyndon Johnsons Great Society.",0.6
I said no to these big bank bailouts.,0.0
People have a constitutional right to have semiautomatic rifles.,0.6
"This budget also reflects the smallest state government workforce per 1,000 residents in Florida in this century.",1.0
"The film and TV industry supports more than 24,000 direct jobs and pays local workers more than $1.68 billion in wages in Georgia.",1.0
Property taxes have increased 20 percent under four years of Chris Christie.,1.0
"When it comes to income taxes, Wisconsin is one of the best places in the country to be poor but top 4 or 5 worst for middle-income earners.",0.9
ACORN could get up to $8.5 billion more tax dollars despite being under investigation for voter registration fraud in a dozen states.,0.9
"Says Congressman Jon Runyan does not want to cut taxes for the middle class, but only for millionaires.",0.3
On his half pay pledge.,0.7
"Over 10 years, (extending tax cuts for the wealthy) would add less to the deficit than Obama added with the stimulus in one year.",0.2
The collective net worth of Americans has taken a $5.5 trillion hit ... mainly due to plummeting home values.,0.9
Gov. Rick Scott backed the federal shutdown.,0.3
"The average Georgia family makes $6,000 less than the average family did 10 years ago when inflation is factored in.",1.0
"As weve seen that federal support for states diminish, youve seen the biggest job losses in the public sector -- teachers, police officers, firefighters losing their jobs.",0.9
"Says New START, passed while Clinton was secretary of state, is a treaty cutting Russias nuclear arms.",0.4
Says his free public university tuition program is paid for by a tax on Wall Streets speculation.,1.0
Ohio ranks 46th in the country in putting dollars in the classroom.,1.0
"Under a Wisconsin bill, minor offenses such as violating pet leash laws, seat belt laws, parking infractions, etc., would now be arrestable offenses.",1.0
"Says in 2003 Texas cut $10 billion out of the entire budget, yet we put $1.8 billion more into public education. We put $800 million more into health and human services.",0.8
Under Hillary Clintons plan illegal immigrants convicted of committing crimes get to stay.,0.2
"The Obama administration leaked information, deliberately or otherwise, that led to the identification of the Pakistani doctor that helped us in achieving our goals and killing bin Laden.",0.2
"Over the last several months, there was a review board headed by two distinguished Americans, Mike Mullen and Tom Pickering, who investigated every element of the Benghazi incident.",1.0
"Says, when this governor came to office, he had (an) 11 billion dollar - I call it mismanagement deficit.",0.9
Georgia and other states with weak gun laws have more crime.,1.0
Says President Barack Obama spent nearly a trillion dollars on make-work government jobs.,0.1
"Among Hispanics, support for immigration reform is close to universal.",0.9
Says a Ted Cruz ad has got me bull-dozing down a house.I never bulldozed it down. Its false advertising.,1.0
Wages adjusted for inflation havent risen since the turn of the last century.,0.2
Says 95 percent of people caught crossing the U.S.-Mexico border said in a survey we are coming because weve been promised amnesty.,0.4
There would be tens of thousands of jobs created if President Barack Obama approved the Keystone XL pipeline.,0.3
Weve brought trade cases against China at nearly twice the rate as the last administration.,0.9
"When we started this health care debate a year ago, 85 percent of the American people had health insurance, and 95 percent of the 85 percent were happy with it.",0.2
"Since John F. Kennedy was assassinated in 1963, more Americans have died by gunfire within our own country than American servicemen and women who were killed in all our wars.",1.0
Obama said he would unilaterally renegotiate the North American Free Trade Agreement.,0.7
"In the 513 days between Trayvon dying, and todays verdict, 11,106 African-Americans have been murdered by other African-Americans.",0.5
Says If you compare the Portland Metro area to the CDCs statewide cavity rates ... the Portland Metro area would actually rank as having the 15th lowest cavity rate in the U.S.,0.0
"He received ""A"" ratings from ""every conservative organization that gives ratings.""",0.3
"It costs $10,000 a year to keep a child in school; it costs $30,000 a year to keep someone in prison.",0.9
Says Republican Rep. Charlie Dent wants to kick the Freedom Caucus out of the Republican conference for voting our conscience.,0.2
"He was offered medical care for his injuries if he would give up military information in return. John McCain said, 'No.' ",0.2
Two-thirds of Wisconsin corporations dont pay state income taxes.,1.0
There are literally teachers now who are getting pink slips because of sequestration.,1.0
Obamacare ... will kill jobs across America.,0.3
"Last weeks three most-viewed television programs wereSunday Night Football, Thursday Night Football and Monday Night Football.",1.0
On federal stimulus money for expanding rail service.,1.0
"About 106,000 soldiers had a prescription of three weeks or more for pain, depression or anxiety medication.",0.9
Georgia loses millions of dollars of revenue because people go out of state to buy fireworks.,0.8
"If you and I fail to defund ObamaCare now, some 16,000 new IRS agents will be begin prying into our private medical records, eyeing each and every one of our treatments and prescriptions for violations.",0.3
John McCain says it's okay with him if the U.S. spends the next thousand years in Iraq.,0.6
"Says that in 2015, illegal immigrants accounted for 75 percent of federal drug possession convictions and 5 percent to 30 percent of convictions for murder and kidnapping plus two other crimes.",0.6
"The Clinton Foundation is a charity where President and Secretary Clinton and their daughter, they take no salary, they get no money from it, they take no personal benefit from it.",1.0
"Says his bill, HB 97, would prevent the use of taxpayer dollars on abortions.",0.8
The average Atlanta resident spends an extra $924 each year in additional gasoline and wasted time.,1.0
Federal health care reforms amounted to the government takeover of health care.,0.1
Barack Obama and Hillary Clinton have changed their positions (on the Iraq war withdrawal) to follow Chris Dodd.,0.5
Saturday Night Live executive producer Lorne Michaels could be put in jail under this amendment for making fun of any politician.,0.7
"When he worked for ATT, he ""was responsible for large parts in a $5 billion organization.""",0.0
"6,400 Ohioans ... lost manufacturing jobs in the month of September.",1.0
Mitch McConnell voted with Harry Reid to infringe on our gun rights.,0.1
Says Ron Johnson gave himself a $10 million sweetheart corporate payout,0.9
"Of the roughly 15 percent of Americans who dont have health insurance, half of them made more than $50,000 a year.",1.0
"The United States can immediately tap a domestic energy resource of more than 1.5 trillion barrels of oil, six times more than Saudi Arabia.",0.3
Says House Democrats voted to use your tax dollars for abortions by voting against bill defunding Planned Parenthood.,0.7
We need a Senator who shows up to work. Sherrod Brown missed over 350 official votes.,0.3
It is already in the law that there is a requirement to screen (refugees) for religion.,0.3
"At the mere request from Putin, President Obama withdrew the plans for a missile defense program based in Poland and the Czech Republic.",0.3
"I did very well with young people in Ohio, Massachusetts, California.",0.9
"Health care reform ""would bring down the deficit by as much as $1 trillion over the next two decades.""",0.9
"McCain ""has opposed stem cell research.""",0.2
Austin has more lobbyists working for it than any other municipality in Texas.,1.0
"The EPA wants to hire 230,000 new government regulators that will cost the taxpayer $21 billion.",0.4
"If the Trans-Pacific Partnership is fast-tracked through the Senate, it wont receive a committee assignment and the consideration will include no debate.",0.3
On whether the government should bail out insurance giant AIG.,1.0
The Cleveland police has issued a stand down order to officers.,0.0
"The Keystone pipeline creates 35 permanent jobs after construction, according to a government report.",1.0
We already pay the highest electricity prices in the country here in New England.,0.8
We're going to have more troops (in Afghanistan) . . . than the Russians had.,0.3
Victory! Republicans by 2 to 1 vote to endorse Mark Neumann on first ballot at GOP convention.,0.0
Florida is investing record amounts of funding for HIV/AIDS prevention.,0.3
There's only four senators senior to me ... there's still 44 older than me.,1.0
"All four on Mount Rushmore, they were all independents at one critical point in their career.",0.2
We didnt go out asking people to join the stand your ground task force.,1.0
Rhode Islands exports have increased by 53 percent in the last two years.,1.0
Giant companies like Toyota will not locate in a state that has not passed a right-to-work law,0.2
"Mitt Romney boasts that he is ""proud to be the only major candidate for president to sign the tax pledge. The others have not.""",1.0
"More than 250 (voter registration) groups, ranging across the entire political spectrum, have filed with the state and are registering voters right now.",0.0
"Barack Obama got more campaign contributions from Fannie Mae and Freddie Mac ""than any other member of Congress, except for the Democratic chairmen of the committee that oversees them.""",1.0
I brought down crime more than anyone in this country -- maybe in the history of this country -- while I was mayor of New York City. -,0.6
"A planning group said that to meet anticipated traffic demands by 2035, Interstate 35 between Austin and Round Rock will need a dozen additional lanes going north and 14 additional southbound lanes.",1.0
Foreign Chinese prostitution money is allegedly behind the groups funding Congressman Sean Duffys Republican Majority.,0.1
The United States is the only developed country in the world without paid maternity leave.,0.95
A voucher school that closed after 9 days this year collected $5.4 million in taxpayer subsidies since first opening.,1.0
Rhode Islands unemployment insurance system is the most expensive such system in the country.,0.8
"Says a YouTube video shows Thomas DiMassimo, the man who rushed Trump at an Ohio rally, dragging the American flag on the ground like it was a piece of garbage.",1.0
"Obama worked with ""Sen. Dick Lugar, a Republican, to help lock down loose nuclear weapons.""",1.0
"The United States spends $2.2 billion on free cell phones, $27 million on Moroccan pottery classes and pays for the travel expenses for the watermelon queen in Alabama.",0.3
The United States is at historic record highs of individuals being apprehended on the border from countries with terrorist ties such as Pakistan or Afghanistan or Syria.,0.3
The transportation package passed by the General Assembly would impose the largest tax increase in Virginias history.,0.7
My home state since June of 2009 created 40 percent of the new jobs in America.,0.9
"Onion Creeks highest flow rate on a recent night of flooding was 120,000 cubic feet per second, which is nearly double the average flow rate of Niagara Falls.",1.0
"As governor of Florida, I used a combination of strategies to help reduce heroin use among youth in Florida by approximately 50 percent.",0.8
"Says last year 13 million (health insurance) rebates went out, in all 50 states. Another 8.5 (million) rebates are being sent out this summer, averaging around 100 bucks each.",1.0
Says his state budget will provide an increase in state funding for the 2011-12 school year.,1.0
"Says the estate tax, in many cases, forces family farmers and small businesses owners to sell their holdings.",0.2
Sayvideo shows massive alligator strolling across Florida golf course.,1.0
On whether people can keep their insurance under the Affordable Care Act.,0.5
"We're spending $1.6 billion for all of Latin America in terms of aid and assistance, a fraction of what we're spending in Iraq, the $500 billion we've spent there",0.4
"If you look at the number of illegal immigrants coming into the country, it is net zero. Its been that way now for almost two years.",0.2
Weve introduced a bill that includes $12 billion in cuts over the next week.,0.9
Wisconsins lawsuit rules are so anti-business that the states system is one of the most promiscuous in America.,0.0
"Says Joseph Stalin said if you want to bring America down you, have to undermine three things: our spiritual life, our patriotism and our morality.",0.1
"From now on, we have to pay the Russians $50 million an astronaut to send Americans to the space station",1.0
"The gender gap in his support is not unique to me and theres not a huge gap from where Republicans have been in presidential, gubernatorial and US Senate elections in recent years.",0.9
Bryce Reeves chaired a group bankrolled by a New York billionaire who fired hundreds of Virginia workers and sent their jobs to China.,0.0
"In 2011, Alabama and Massachusetts passed legislation allowing non-citizens who are legal residents to vote in state and local elections.",0.0
"Across the country, more than half of the U.S. attorney seats remain without a prosecutor chosen by Obama.",1.0
The Red Sox waited 87 long years to win the World Series.,0.0
Almost every state has offered an insurance plan on its health exchange that does not cover abortion.,0.8
"The largest tax increase that we have ever had in our state is yours it is the business margins tax that you signed, governor.",0.7
Georgia has the second-highest rate of childhood obesity in the United States.,0.7
"Says Tom Ganley has been sued over 400 times, for fraud, discrimination and more, and a judge called Tom Ganleys business practices deceptive and unconscionable.",1.0
A recall election for Wisconsin governor would cost $7.7 million -- $7.7 million that may already be allocated to merit raises for teachers or health care for the poor or school books for your kids.,0.9
Says my plan is a property tax cut.,1.0
We are giving almost $2 billion of taxpayer money to the junk food and fast food industries every year to make the (childhood obesity) epidemic worse.,0.6
Not one American flag on the massive stage at the Democratic National Convention until people started complaining- then a small one. Pathetic.,0.5
A bill by Earl Blumenauer would mandate GPS tracking devices on all our vehicles.,0.5
There is a precedent for not nominating someone to the U.S. Supreme Court in the middle of a presidential election.,0.2
Health insurance and medical costs are going down because of Obamacare.,0.0
"The war on drugs led to a 500 percent increase in incarceration in our country, disproportionately affecting poor and disproportionately affecting minorities.",1.0
Says Texas GOP platform calls for end to teaching critical thinking in public schools.,1.0
Four out of 10 homicides are committed by gun in this city.,0.0
A picture shows former President Bill Clinton naked with another woman.,0.1
"There is no disagreement that we need action by our government, a recovery plan that will help to jump-start the economy.",0.2
If you want out of the individual mandate... all you have to do now is tick off the box that says hardshipand youre out.,0.9
"Many Nevadans relied on Uber for work, but after accepting $70,000 from taxi companies, Catherine Cortez Masto went after Uber ... (driving) them out of town.",0.2
"Says it probably costs more than $300,000 to run for a seat on the Pedernales Electric Cooperative board of directors.",0.7
"Last month, 44 of the 50 states saw an increase in the unemployment rate.",0.1
Wind power is the most undependable form of renewable energy.,0.3
Charlie Crist allowed college tuition to increase up to 15 percent every year.,1.0
The House has never failed to pass a budget in the modern era.,0.0
Mr. Renacci was registered as a foreign trade lobbyist in the United States government.,0.8
"Tommy Thompson created the first school choice program in the nation, giving thousands of Milwaukee students the choice of where they go to school no matter where they live or how much money their parents make.",1.0
Says the main Central Texas food bank is delivering 50 percent more food to the poor than three years ago.,1.0
"McCain ""still thinks it's okay when women don't earn equal pay for equal work.""",0.0
"The Baucus bill ""contains provisions that would send massive federal subsidies directly to both private insurance plans and government-chartered cooperatives that pay for elective abortion.""",0.8
Gene Green is the NRAs favorite Democrat in Congress. ... Its no wonder the congressman has a lifetime A rating from the NRA.,0.3
"Obama ""won health care for 150,000 people.""",1.0
"The CBO says that if you raise the minimum wage to $10.10 an hour, half a million people would lose their jobs.",1.0
State lawmakers are spending taxpayer money for parking that billionaire Arthur Blank could build while paying some state employees so little they are on food stamps.,0.7
State governments have little ability to stimulate job growth in the short run.,0.3
He (Obama) chairs the subcommittee on Europe. ... He's held not one substantive hearing to do oversight.,0.9
Says the U.S. federal income tax rate was 0 percent until 1913.,1.0
"Sarah Palin ""already has more executive experience"" than Barack Obama and Joe Biden ""combined.""",1.0
"Texas has, now, the highest share of minimum-wage workers in the nation.",0.6
"Two months ago, Donald Trump said that ISIS was not our fight.",0.0
"Says that on average, Democratic congressional districts received 81 percent more stimulus funds than Republican districts.",0.9
You had supported John McCain's military strategies pretty adamantly until this race.,0.3
Says critics who say he cut Medicaid are wrong; his budget added $1.2 billion to the program,0.9
Says she will work to raise the federal minimum wage back to the highest level its ever been $12 an hour in todays dollars.,1.0
$29 is what families on SNAP (i.e. food stamps) have to live on for a week.,0.7
